{
  "height" : 778,
  "root" : {
    "children" : [
      {
        "children" : [

        ],
        "component" : "Label",
        "font" : {
          "color" : {
            "a" : 1,
            "b" : 0.13333333333333333,
            "g" : 0.08627450980392157,
            "r" : 0.00784313725490196
          },
          "colorToken" : "primaryText",
          "family" : "SF Pro Rounded",
          "size" : 28,
          "weight" : 700
        },
        "h" : 27.666666666666657,
        "tag" : "component",
        "texts" : [
          {
            "h" : 27.666666666666657,
            "text" : "Checkout",
            "w" : 99.33333333333333,
            "x" : 16,
            "y" : 16
          }
        ],
        "w" : 99.33333333333333,
        "x" : 16,
        "y" : 16
      },
      {
        "children" : [

        ],
        "component" : "Label",
        "font" : {
          "color" : {
            "a" : 1,
            "b" : 0.6588235294117647,
            "g" : 0.6274509803921569,
            "r" : 0.596078431372549
          },
          "colorToken" : "secondaryText",
          "family" : "SF Pro Rounded",
          "size" : 17,
          "weight" : 400
        },
        "h" : 20.333333333333343,
        "tag" : "component",
        "texts" : [
          {
            "h" : 20.333333333333343,
            "text" : "2 items in your basket",
            "w" : 167,
            "x" : 16,
            "y" : 55.66666666666666
          }
        ],
        "w" : 167,
        "x" : 16,
        "y" : 55.66666666666666
      },
      {
        "children" : [

        ],
        "component" : "Button",
        "fill" : {
          "a" : 1,
          "b" : 1,
          "g" : 0.6941176470588235,
          "r" : 0
        },
        "fillToken" : "actionText",
        "font" : {
          "color" : {
            "a" : 1,
            "b" : 1,
            "g" : 1,
            "r" : 1
          },
          "colorToken" : "primaryBackground",
          "family" : "SF Pro Rounded",
          "size" : 17,
          "weight" : 600
        },
        "h" : 48,
        "radius" : 24,
        "tag" : "component",
        "texts" : [
          {
            "h" : 48,
            "text" : "Pay now",
            "w" : 108.66666666666666,
            "x" : 16,
            "y" : 654
          }
        ],
        "w" : 108.66666666666666,
        "x" : 16,
        "y" : 654
      },
      {
        "children" : [

        ],
        "component" : "Button",
        "fill" : {
          "a" : 1,
          "b" : 0.9764705882352941,
          "g" : 0.9725490196078431,
          "r" : 0.9529411764705882
        },
        "fillToken" : "secondaryBackground",
        "font" : {
          "color" : {
            "a" : 1,
            "b" : 0.13333333333333333,
            "g" : 0.08627450980392157,
            "r" : 0.00784313725490196
          },
          "colorToken" : "primaryText",
          "family" : "SF Pro Rounded",
          "size" : 17,
          "weight" : 600
        },
        "h" : 48,
        "radius" : 24,
        "tag" : "component",
        "texts" : [
          {
            "h" : 48,
            "text" : "Cancel",
            "w" : 100,
            "x" : 16,
            "y" : 714
          }
        ],
        "w" : 100,
        "x" : 16,
        "y" : 714
      }
    ],
    "fill" : {
      "a" : 1,
      "b" : 1,
      "g" : 1,
      "r" : 1
    },
    "fillToken" : "primaryBackground",
    "h" : 778,
    "tag" : "screen",
    "w" : 402,
    "x" : 0,
    "y" : 0
  },
  "tokens" : [
    {
      "name" : "primaryText",
      "type" : "color",
      "value" : {
        "a" : 1,
        "b" : 0.13333333333333333,
        "g" : 0.08627450980392157,
        "r" : 0.00784313725490196
      }
    },
    {
      "name" : "secondaryText",
      "type" : "color",
      "value" : {
        "a" : 1,
        "b" : 0.6588235294117647,
        "g" : 0.6274509803921569,
        "r" : 0.596078431372549
      }
    },
    {
      "name" : "tertiaryText",
      "type" : "color",
      "value" : {
        "a" : 1,
        "b" : 0.9176470588235294,
        "g" : 0.9058823529411765,
        "r" : 0.8784313725490196
      }
    },
    {
      "name" : "actionText",
      "type" : "color",
      "value" : {
        "a" : 1,
        "b" : 1,
        "g" : 0.6941176470588235,
        "r" : 0
      }
    },
    {
      "name" : "criticalText",
      "type" : "color",
      "value" : {
        "a" : 1,
        "b" : 0.28627450980392155,
        "g" : 0.2784313725490196,
        "r" : 0.996078431372549
      }
    },
    {
      "name" : "primaryBackground",
      "type" : "color",
      "value" : {
        "a" : 1,
        "b" : 1,
        "g" : 1,
        "r" : 1
      }
    },
    {
      "name" : "secondaryBackground",
      "type" : "color",
      "value" : {
        "a" : 1,
        "b" : 0.9764705882352941,
        "g" : 0.9725490196078431,
        "r" : 0.9529411764705882
      }
    },
    {
      "name" : "actionBackground",
      "type" : "color",
      "value" : {
        "a" : 1,
        "b" : 1,
        "g" : 0.9607843137254902,
        "r" : 0.8705882352941177
      }
    },
    {
      "name" : "criticalBackground",
      "type" : "color",
      "value" : {
        "a" : 1,
        "b" : 0.9019607843137255,
        "g" : 0.9058823529411765,
        "r" : 0.984313725490196
      }
    }
  ],
  "width" : 402
}